{"cameraMode":{"drawMode":0,"name":"Shaded","section":"Shading Mode"},"sceneLighting":false,"audioPlay":false,"sceneViewState":{"m_AlwaysRefresh":false,"showFog":true,"showSkybox":false,"showFlares":true,"showImageEffects":true,"showParticleSystems":true,"showVisualEffectGraphs":true,"m_FxEnabled":true},"in2DMode":false,"pivot":{"x":-2.8335936069488527,"y":3.755262851715088,"z":-0.5587769746780396},"rotation":{"x":0.004116978030651808,"y":0.9920281171798706,"z":-0.12172769010066986,"w":0.03426432982087135},"size":1.223232388496399,"orthographic":false}