{"cameraMode":{"drawMode":0,"name":"Shaded","section":"Shading Mode"},"sceneLighting":false,"audioPlay":false,"sceneViewState":{"m_AlwaysRefresh":false,"showFog":true,"showSkybox":false,"showFlares":true,"showImageEffects":true,"showParticleSystems":true,"showVisualEffectGraphs":true,"m_FxEnabled":true},"in2DMode":false,"pivot":{"x":24.3794002532959,"y":2.1715261936187746,"z":20.299999237060548},"rotation":{"x":-0.010799689218401909,"y":-0.9480287432670593,"z":0.032761748880147937,"w":-0.3164884150028229},"size":2.5014142990112306,"orthographic":false}